{"cameraMode":{"drawMode":0,"name":"Shaded","section":"Shading Mode"},"sceneLighting":true,"audioPlay":false,"sceneViewState":{"showFog":true,"showMaterialUpdate":true,"showSkybox":true,"showFlares":true,"showImageEffects":true,"showParticleSystems":true},"in2DMode":false,"pivot":{"x":2.9259731769561769,"y":-0.7475236654281616,"z":-2.892491102218628},"rotation":{"x":-0.007162813097238541,"y":0.9805999994277954,"z":-0.1924656480550766,"w":-0.03649425134062767},"size":26.336517333984376,"orthographic":false}