{"cameraMode":{"drawMode":0,"name":"Shaded","section":"Shading Mode"},"sceneLighting":true,"audioPlay":false,"sceneViewState":{"showFog":true,"showMaterialUpdate":true,"showSkybox":true,"showFlares":true,"showImageEffects":true,"showParticleSystems":true},"in2DMode":false,"pivot":{"x":-14.504716873168946,"y":-2.892475128173828,"z":-2.630504608154297},"rotation":{"x":-0.2638896405696869,"y":0.1772853583097458,"z":-0.049412768334150317,"w":-0.9468351602554321},"size":66.16622161865235,"orthographic":false}