{"cameraMode":{"drawMode":0,"name":"Shaded","section":"Shading Mode"},"sceneLighting":true,"audioPlay":false,"sceneViewState":{"showFog":true,"showMaterialUpdate":true,"showSkybox":true,"showFlares":true,"showImageEffects":true,"showParticleSystems":true},"in2DMode":false,"pivot":{"x":-3.1207363605499269,"y":-5.405171871185303,"z":-1.1494752168655396},"rotation":{"x":-0.28907883167266848,"y":0.07943271845579148,"z":-0.02407745271921158,"w":-0.953702449798584},"size":37.405086517333987,"orthographic":false}